No.,unique.drugid,FDA,FDA.ActiveIngredient,Review comments
1,Erlotinib,TRUE,ERLOTINIB HYDROCHLORIDE,NA
2,Cisplatin,TRUE,CISPLATIN,NA
3,Cytarabine,TRUE,CYTARABINE,NA
4,Docetaxel,TRUE,DOCETAXEL,NA
5,Methotrexate,TRUE,METHOTREXATE SODIUM,NA
6,Tretinoin,TRUE,ISOTRETINOIN,"﻿Even though mapped to a wrong drug in column D, TRETINOIN is FDA approved"
7,Gefitinib,TRUE,GEFITINIB,NA
8,Vorinostat,TRUE,VORINOSTAT,NA
9,Nilotinib,TRUE,NILOTINIB HYDROCHLORIDE,NA
10,Temsirolimus,TRUE,TEMSIROLIMUS,NA
11,Olaparib,TRUE,OLAPARIB,NA
12,Bosutinib,TRUE,BOSUTINIB MONOHYDRATE,NA
13,Lenalidomide,TRUE,LENALIDOMIDE,NA
14,Axitinib,TRUE,AXITINIB,NA
15,Afatinib,TRUE,AFATINIB DIMALEATE,NA
16,Vismodegib,TRUE,VISMODEGIB,NA
17,Bortezomib,TRUE,BORTEZOMIB,NA
18,Palbociclib,TRUE,PALBOCICLIB,NA
19,Selumetinib,TRUE,SELUMETINIB SULFATE,NA
20,Paclitaxel,TRUE,PACLITAXEL,NA
21,Lapatinib,TRUE,LAPATINIB DITOSYLATE,NA
22,Doxorubicin,TRUE,DOXORUBICIN HYDROCHLORIDE,NA
23,Etoposide,TRUE,ETOPOSIDE,NA
24,Gemcitabine,TRUE,GEMCITABINE HYDROCHLORIDE,NA
25,Mitomycin,TRUE,MITOMYCIN,NA
26,Vinorelbine,TRUE,VINORELBINE TARTRATE,NA
27,Bicalutamide,TRUE,BICALUTAMIDE,NA
28,Midostaurin,TRUE,MIDOSTAURIN,NA
29,Ponatinib,TRUE,PONATINIB HYDROCHLORIDE,NA
30,Bexarotene,TRUE,BEXAROTENE,NA
31,Pazopanib,TRUE,PAZOPANIB HYDROCHLORIDE,NA
32,Sirolimus,TRUE,TEMSIROLIMUS,"﻿Even though mapped to a wrong drug in column D, Sirolimus is FDA approved"
33,Sorafenib,TRUE,SORAFENIB TOSYLATE,NA
34,Imatinib,TRUE,IMATINIB MESYLATE,NA
35,Crizotinib,TRUE,CRIZOTINIB,NA
36,Sunitinib,TRUE,SUNITINIB MALATE,NA
37,Dasatinib,TRUE,DASATINIB,NA
38,Pyrimethamine,TRUE,PYRIMETHAMINE,NA
39,Irinotecan,TRUE,IRINOTECAN HYDROCHLORIDE,NA
40,Panobinostat,TRUE,PANOBINOSTAT LACTATE,NA
41,Topotecan,TRUE,TOPOTECAN HYDROCHLORIDE,NA
42,Vandetanib,TRUE,VANDETANIB,NA
43,Trametinib,TRUE,TRAMETINIB DIMETHYL SULFOXIDE,NA
44,colchicine,TRUE,COLCHICINE,NA
45,Dexamethasone,TRUE,DEXAMETHASONE SODIUM PHOSPHATE,NA
46,Trifluoperazine,TRUE,TRIFLUOPERAZINE HYDROCHLORIDE,NA
47,Disulfiram,TRUE,DISULFIRAM,NA
48,Cyclophosphamide,TRUE,CYCLOPHOSPHAMIDE,NA
49,Aspirin,TRUE,ASPIRIN; DIPYRIDAMOLE,NA
50,Homatropine,TRUE,HOMATROPINE METHYLBROMIDE; HYDROCODONE BITARTRATE,NA
51,Valproic acid,TRUE,VALPROIC ACID,NA
52,Haloprogin,TRUE,HALOPROGIN,NA
53,Epirubicin,TRUE,EPIRUBICIN HYDROCHLORIDE,NA
54,Teniposide,TRUE,TENIPOSIDE,NA
55,Fosfomycin,TRUE,FOSFOMYCIN TROMETHAMINE,NA
56,Mebendazole,TRUE,MEBENDAZOLE,NA
57,Idarubicin,TRUE,IDARUBICIN HYDROCHLORIDE,NA
58,Simvastatin,TRUE,SIMVASTATIN,NA
59,Eflornithine,TRUE,EFLORNITHINE HYDROCHLORIDE,NA
60,Temozolomide,TRUE,TEMOZOLOMIDE,NA
61,Fostamatinib,TRUE,FOSTAMATINIB DISODIUM,NA
62,Pemetrexed,TRUE,PEMETREXED DISODIUM,NA
63,Belinostat,TRUE,BELINOSTAT,NA
64,Everolimus,TRUE,EVEROLIMUS,NA
65,Sildenafil,TRUE,SILDENAFIL CITRATE,NA
66,Ixabepilone,TRUE,IXABEPILONE,NA
67,Abiraterone,TRUE,ABIRATERONE ACETATE,NA
68,Nelarabine,TRUE,NELARABINE,NA
69,Vemurafenib,TRUE,VEMURAFENIB,NA
70,Oxaliplatin,TRUE,OXALIPLATIN,NA
71,Tamoxifen,TRUE,TAMOXIFEN CITRATE,NA
72,Ibandronate sodium,TRUE,IBANDRONATE SODIUM,NA
73,Cobimetinib,TRUE,COBIMETINIB FUMARATE,NA
74,Maraviroc,TRUE,MARAVIROC,NA
75,Itraconazole,TRUE,ITRACONAZOLE,NA
76,Zileuton,TRUE,ZILEUTON,NA
77,Nimodipine,TRUE,NIMODIPINE,NA
78,Rosiglitazone,TRUE,METFORMIN HYDROCHLORIDE; ROSIGLITAZONE MALEATE,NA
79,Tacrolimus,TRUE,TACROLIMUS,NA
80,Fedratinib,TRUE,FEDRATINIB HYDROCHLORIDE,NA
81,Valdecoxib,TRUE,VALDECOXIB,NA
82,Minoxidil,TRUE,MINOXIDIL,NA
83,Flutamide,TRUE,FLUTAMIDE,NA
84,Glyburide,TRUE,GLYBURIDE,NA
85,Capsaicin,TRUE,CAPSAICIN,NA
86,Tivozanib,TRUE,TIVOZANIB HYDROCHLORIDE,NA
87,Enzalutamide,TRUE,ENZALUTAMIDE,NA
88,Carbamazepine,TRUE,CARBAMAZEPINE,NA
89,Losartan,TRUE,LOSARTAN POTASSIUM,NA
90,Ixazomib,TRUE,IXAZOMIB CITRATE,NA
91,Neratinib,TRUE,NERATINIB MALEATE,NA
92,Nifedipine,TRUE,NIFEDIPINE,NA
93,Pyrvinium pamoate,TRUE,PYRVINIUM PAMOATE,NA
94,Indomethacin,TRUE,INDOMETHACIN,NA
95,Prochlorperazine,TRUE,PROCHLORPERAZINE MALEATE,NA
96,Deferoxamine,TRUE,DEFEROXAMINE MESYLATE,NA
97,Celecoxib,TRUE,CELECOXIB,NA
98,Iloprost,TRUE,ILOPROST,NA
99,Fluphenazine,TRUE,FLUPHENAZINE HYDROCHLORIDE,NA
100,Dopamine,TRUE,DOPAMINE HYDROCHLORIDE,NA
101,Haloperidol,TRUE,HALOPERIDOL LACTATE,NA
102,Sodium phenylbutyrate,TRUE,SODIUM PHENYLBUTYRATE,NA
103,Troglitazone,TRUE,TROGLITAZONE,NA
104,Metformin,TRUE,METFORMIN HYDROCHLORIDE,NA
105,Estradiol,TRUE,ESTRADIOL; PROGESTERONE,NA
106,Mesalamine,TRUE,MESALAMINE,NA
107,Chlorpropamide,TRUE,CHLORPROPAMIDE,NA
108,Tolbutamide,TRUE,TOLBUTAMIDE SODIUM,NA
109,Verapamil,TRUE,VERAPAMIL HYDROCHLORIDE,NA
110,Exemestane,TRUE,EXEMESTANE,NA
111,Rofecoxib,TRUE,ROFECOXIB,NA
112,Amitriptyline,TRUE,AMITRIPTYLINE HYDROCHLORIDE,NA
113,Sulindac,TRUE,SULINDAC,NA
114,Phenelzine,TRUE,PHENELZINE SULFATE,NA
115,Fluoxetine,TRUE,FLUOXETINE HYDROCHLORIDE,NA
116,Raloxifene,TRUE,RALOXIFENE HYDROCHLORIDE,NA
117,Sulfasalazine,TRUE,SULFASALAZINE,NA
118,Clofibrate,TRUE,CLOFIBRATE,NA
119,Prednisolone,TRUE,PREDNISOLONE,NA
120,Thalidomide,TRUE,THALIDOMIDE,NA
121,Fludrocortisone,TRUE,FLUDROCORTISONE ACETATE,NA
122,Fulvestrant,TRUE,FULVESTRANT,NA
123,Diclofenac,TRUE,DICLOFENAC POTASSIUM,NA
124,Felodipine,TRUE,FELODIPINE,NA
125,Azathioprine,TRUE,AZATHIOPRINE SODIUM,NA
126,Clozapine,TRUE,CLOZAPINE,NA
127,Thioridazine,TRUE,THIORIDAZINE HYDROCHLORIDE,NA
128,Chlorpromazine,TRUE,CHLORPROMAZINE HYDROCHLORIDE,NA
129,Leflunomide,TRUE,LEFLUNOMIDE,NA
130,Isotretinoin,TRUE,ISOTRETINOIN,NA
131,Probucol,TRUE,PROBUCOL,NA
132,Hydroflumethiazide,TRUE,HYDROFLUMETHIAZIDE,NA
133,Pentamidine,TRUE,PENTAMIDINE ISETHIONATE,NA
134,(-)-Scopolamine,TRUE,SCOPOLAMINE,NA
135,Bisacodyl,TRUE,BISACODYL; POLYETHYLENE GLYCOL 3350; POTASSIUM CHLORIDE; SODIUM BICARBONATE; SODIUM CHLORIDE,NA
136,Acebutolol,TRUE,ACEBUTOLOL HYDROCHLORIDE,NA
137,Acetaminophen,TRUE,ACETAMINOPHEN; CODEINE PHOSPHATE,NA
138,Acetazolamide,TRUE,ACETAZOLAMIDE,NA
139,Acetohexamide,TRUE,ACETOHEXAMIDE,NA
140,Acyclovir,TRUE,ACYCLOVIR,NA
141,Albendazole,TRUE,ALBENDAZOLE,NA
142,Alclometasone,TRUE,ALCLOMETASONE DIPROPIONATE,NA
143,Alfuzosin,TRUE,ALFUZOSIN HYDROCHLORIDE,NA
144,Altretamine,TRUE,ALTRETAMINE,NA
145,Amantadine,TRUE,AMANTADINE HYDROCHLORIDE,NA
146,Amikacin,TRUE,AMIKACIN SULFATE,NA
147,Amiloride,TRUE,AMILORIDE HYDROCHLORIDE,NA
148,Aminocaproic acid,TRUE,AMINOCAPROIC ACID,NA
149,Aminoglutethimide,TRUE,AMINOGLUTETHIMIDE,NA
150,Aminophylline,TRUE,AMINOPHYLLINE,NA
151,Amiodarone,TRUE,AMIODARONE HYDROCHLORIDE,NA
152,Amoxapine,TRUE,AMOXAPINE,NA
153,Amoxicillin,TRUE,AMOXICILLIN; OMEPRAZOLE MAGNESIUM; RIFABUTIN,NA
154,Amphotericin b,TRUE,AMPHOTERICIN B,NA
155,Ampicillin,TRUE,AMPICILLIN/AMPICILLIN TRIHYDRATE,NA
156,Amrinone,TRUE,INAMRINONE LACTATE,NA
157,Antazoline,TRUE,ANTAZOLINE PHOSPHATE; NAPHAZOLINE HYDROCHLORIDE,NA
158,Apomorphine,TRUE,APOMORPHINE HYDROCHLORIDE,NA
159,Ascorbic acid,TRUE,ASCORBIC ACID; BIOTIN; CYANOCOBALAMIN; DEXPANTHENOL; ERGOCALCIFEROL; FOLIC ACID; NIACINAMIDE; PHYTONADIONE; PYRIDOXINE HYDROCHLORIDE; RIBOFLAVIN 5'-PHOSPHATE SODIUM; THIAMINE HYDROCHLORIDE; VITAMIN A; VITAMIN E,NA
160,Atovaquone,TRUE,ATOVAQUONE,NA
161,Atracurium besylate,TRUE,ATRACURIUM BESYLATE,NA
162,Atropine,TRUE,ATROPINE SULFATE,NA
163,Azacitidine,TRUE,AZACITIDINE,NA
164,Azlocillin,TRUE,AZLOCILLIN SODIUM,NA
165,Azactam,TRUE,AZTREONAM,NA
166,Bacampicillin,TRUE,BACAMPICILLIN HYDROCHLORIDE,NA
167,Baclofen,TRUE,BACLOFEN,NA
168,Beclomethasone,TRUE,BECLOMETHASONE DIPROPIONATE,NA
169,Bendroflumethiazide,TRUE,BENDROFLUMETHIAZIDE; NADOLOL,NA
170,Benzonatate,TRUE,BENZONATATE,NA
171,Benzthiazide,TRUE,BENZTHIAZIDE,NA
172,Bepridil,TRUE,BEPRIDIL HYDROCHLORIDE,NA
173,Betamethasone,TRUE,BETAMETHASONE VALERATE,NA
174,Betaxolol,TRUE,BETAXOLOL HYDROCHLORIDE,NA
175,Bethanechol,TRUE,BETHANECHOL CHLORIDE,NA
176,Biotin,TRUE,ASCORBIC ACID; BIOTIN; CYANOCOBALAMIN; DEXPANTHENOL; ERGOCALCIFEROL; FOLIC ACID; NIACINAMIDE; PHYTONADIONE; PYRIDOXINE HYDROCHLORIDE; RIBOFLAVIN 5'-PHOSPHATE SODIUM; THIAMINE HYDROCHLORIDE; VITAMIN A; VITAMIN E,NA
177,Biperiden,TRUE,BIPERIDEN LACTATE,NA
178,Bisoprolol,TRUE,BISOPROLOL FUMARATE,NA
179,Bretylium tosylate,TRUE,BRETYLIUM TOSYLATE,NA
180,Bromocriptine,TRUE,BROMOCRIPTINE MESYLATE,NA
181,Brompheniramine,TRUE,BROMPHENIRAMINE MALEATE,NA
182,Pulmicort,TRUE,BUDESONIDE,NA
183,Bumetanide,TRUE,BUMETANIDE,NA
184,Bupivacaine,TRUE,BUPIVACAINE HYDROCHLORIDE,NA
185,Bupropion,TRUE,BUPROPION HYDROBROMIDE,NA
186,Buspirone,TRUE,BUSPIRONE HYDROCHLORIDE,NA
187,Butoconazole,TRUE,BUTOCONAZOLE NITRATE,NA
188,Captopril,TRUE,CAPTOPRIL,NA
189,Carbachol,TRUE,CARBACHOL,NA
190,Carbinoxamine,TRUE,CARBINOXAMINE MALEATE,NA
191,Carisoprodol,TRUE,CARISOPRODOL,NA
192,Carteolol,TRUE,CARTEOLOL HYDROCHLORIDE,NA
193,Cefaclor,TRUE,CEFACLOR,NA
194,Cefadroxil,TRUE,CEFADROXIL/CEFADROXIL HEMIHYDRATE,NA
195,Cefamandole,TRUE,CEFAMANDOLE NAFATE,NA
196,Cefazolin,TRUE,CEFAZOLIN SODIUM,NA
197,Cefixime,TRUE,CEFIXIME,NA
198,Cefmetazole,TRUE,CEFMETAZOLE SODIUM,NA
199,Cefoperazone,TRUE,CEFOPERAZONE SODIUM,NA
200,Cefotaxime,TRUE,CEFOTAXIME SODIUM,NA
201,Cefotetan,TRUE,CEFOTETAN DISODIUM,NA
202,Cefotiam,TRUE,CEFOTIAM HYDROCHLORIDE,NA
203,Cefoxitin,TRUE,CEFOXITIN SODIUM,NA
204,Ceftazidime,TRUE,CEFTAZIDIME,NA
205,Zinacef,TRUE,CEFUROXIME SODIUM,NA
206,Cephalexin,TRUE,CEPHALEXIN,NA
207,Cephalothin,TRUE,CEPHALOTHIN SODIUM,NA
208,Cephapirin,TRUE,CEPHAPIRIN SODIUM,NA
209,Cetirizine,TRUE,CETIRIZINE HYDROCHLORIDE,NA
210,Chlorambucil,TRUE,CHLORAMBUCIL,NA
211,Chloramphenicol,TRUE,CHLORAMPHENICOL,NA
212,Chlorhexidine,TRUE,CHLORHEXIDINE GLUCONATE,NA
213,Chlormezanone,TRUE,CHLORMEZANONE,NA
214,Chloroquine,TRUE,CHLOROQUINE HYDROCHLORIDE,NA
215,Chlorphenesin,TRUE,CHLORPHENESIN CARBAMATE,NA
216,Chlorpheniramine,TRUE,CHLORPHENIRAMINE MALEATE,NA
217,Chlortetracycline,TRUE,CHLORTETRACYCLINE HYDROCHLORIDE,NA
218,Chlorthalidone,TRUE,CHLORTHALIDONE; METOPROLOL TARTRATE,NA
219,Chlorzoxazone,TRUE,CHLORZOXAZONE,NA
220,Ciclopirox,TRUE,CICLOPIROX,NA
221,Cimetidine,TRUE,CIMETIDINE HYDROCHLORIDE,NA
222,Cinoxacin,TRUE,CINOXACIN,NA
223,Ciprofloxacin,TRUE,CIPROFLOXACIN,NA
224,Cisapride,TRUE,CISAPRIDE MONOHYDRATE,NA
225,Citalopram,TRUE,CITALOPRAM HYDROBROMIDE,NA
226,Clemastine,TRUE,CLEMASTINE FUMARATE,NA
227,Clidinium bromide,TRUE,CHLORDIAZEPOXIDE HYDROCHLORIDE; CLIDINIUM BROMIDE,NA
228,Clindamycin,TRUE,CLINDAMYCIN PHOSPHATE,NA
229,Clioquinol,TRUE,CLIOQUINOL; NYSTATIN,NA
230,Clobetasol,TRUE,CLOBETASOL PROPIONATE,NA
231,Clofazimine,TRUE,CLOFAZIMINE,NA
232,Clomiphene,TRUE,CLOMIPHENE CITRATE,NA
233,Clomipramine,TRUE,CLOMIPRAMINE HYDROCHLORIDE,NA
234,Clonidine,TRUE,CLONIDINE HYDROCHLORIDE,NA
235,Clotrimazole,TRUE,CLOTRIMAZOLE,NA
236,Cloxacillin,TRUE,CLOXACILLIN SODIUM,NA
237,Colistin,TRUE,COLISTIN SULFATE; HYDROCORTISONE ACETATE; NEOMYCIN SULFATE; THONZONIUM BROMIDE,NA
238,Cortisone,TRUE,HYDROCORTISONE ACETATE,NA
239,Cromolyn,TRUE,CROMOLYN SODIUM,NA
240,Crotamiton,TRUE,CROTAMITON,NA
241,Cyanocobalamin,TRUE,ASCORBIC ACID; BIOTIN; CYANOCOBALAMIN; DEXPANTHENOL; ERGOCALCIFEROL; FOLIC ACID; NIACINAMIDE; PHYTONADIONE; PYRIDOXINE HYDROCHLORIDE; RIBOFLAVIN 5'-PHOSPHATE SODIUM; THIAMINE HYDROCHLORIDE; VITAMIN A; VITAMIN E,NA
242,Cyclacillin,TRUE,CYCLACILLIN,NA
243,Cyclizine,TRUE,CYCLIZINE LACTATE,NA
244,Cyclobenzaprine,TRUE,CYCLOBENZAPRINE HYDROCHLORIDE,NA
245,Cyclopentolate,TRUE,CYCLOPENTOLATE HYDROCHLORIDE,NA
246,Cyproheptadine,TRUE,CYPROHEPTADINE HYDROCHLORIDE,NA
247,Tubocurarine chloride,TRUE,TUBOCURARINE CHLORIDE,NA
248,DTIC-Dome,TRUE,DACARBAZINE,NA
249,Danazol,TRUE,DANAZOL,NA
250,Dantrolene,TRUE,DANTROLENE SODIUM,NA
251,Dapsone,TRUE,DAPSONE,NA
252,Daunorubicin,TRUE,DAUNORUBICIN CITRATE,NA
253,Decamethonium bromide,TRUE,DECAMETHONIUM BROMIDE,NA
254,Demecarium bromide,TRUE,DEMECARIUM BROMIDE,NA
255,Demeclocycline,TRUE,DEMECLOCYCLINE HYDROCHLORIDE,NA
256,Desipramine,TRUE,DESIPRAMINE HYDROCHLORIDE,NA
257,Dextromethorphan,TRUE,DEXTROMETHORPHAN HYDROBROMIDE; QUINIDINE SULFATE,NA
258,Diazoxide,TRUE,DIAZOXIDE,NA
259,Dibucaine,TRUE,DIBUCAINE HYDROCHLORIDE,NA
260,Dichlorphenamide,TRUE,DICHLORPHENAMIDE,NA
261,Dicloxacillin,TRUE,DICLOXACILLIN SODIUM,NA
262,Dicumarol,TRUE,DICUMAROL,NA
263,Dicyclomine,TRUE,DICYCLOMINE HYDROCHLORIDE,NA
264,Dienestrol,TRUE,DIENESTROL,NA
265,Diethylcarbamazine,TRUE,DIETHYLCARBAMAZINE CITRATE,NA
266,Diethylstilbestrol,TRUE,DIETHYLSTILBESTROL,NA
267,Diflorasone,TRUE,DIFLORASONE DIACETATE,NA
268,Diflunisal,TRUE,DIFLUNISAL,NA
269,Digoxin,TRUE,DIGOXIN,NA
270,Dihydroergotamine,TRUE,DIHYDROERGOTAMINE MESYLATE,NA
271,Diltiazem,TRUE,DILTIAZEM HYDROCHLORIDE,NA
272,Dimenhydrinate,TRUE,DIMENHYDRINATE,NA
273,Dinoprostone,TRUE,DINOPROSTONE,NA
274,Diphemanil methylsulfate,TRUE,DIPHEMANIL METHYLSULFATE,NA
275,Diphenhydramine,TRUE,DIPHENHYDRAMINE HYDROCHLORIDE; IBUPROFEN,NA
276,Diphenidol,TRUE,DIPHENIDOL HYDROCHLORIDE,NA
277,Diphenylpyraline,TRUE,DIPHENYLPYRALINE HYDROCHLORIDE,NA
278,Dipivefrin,TRUE,DIPIVEFRIN HYDROCHLORIDE,NA
279,Dipyridamole,TRUE,ASPIRIN; DIPYRIDAMOLE,NA
280,Dirithromycin,TRUE,DIRITHROMYCIN,NA
281,Disopyramide,TRUE,DISOPYRAMIDE PHOSPHATE,NA
282,Dobutamine,TRUE,DOBUTAMINE HYDROCHLORIDE,NA
283,Doxazosin,TRUE,DOXAZOSIN MESYLATE,NA
284,Zonalon,TRUE,DOXEPIN HYDROCHLORIDE,NA
285,Doxycycline,TRUE,DOXYCYCLINE HYCLATE,NA
286,Doxylamine,TRUE,DOXYLAMINE SUCCINATE,NA
287,Droperidol,TRUE,DROPERIDOL,NA
288,Dyclonine,TRUE,DYCLONINE HYDROCHLORIDE,NA
289,Dydrogesterone,TRUE,DYDROGESTERONE,NA
290,Econazole,TRUE,ECONAZOLE NITRATE,NA
291,Edrophonium chloride,TRUE,EDROPHONIUM CHLORIDE,NA
292,Enalapril,TRUE,ENALAPRIL MALEATE,NA
293,Enoxacin,TRUE,OZENOXACIN,"Even though mapped to a wrong drug in column D, Enoxacin is FDA approved"
294,Erythromycin,TRUE,ERYTHROMYCIN,NA
295,Estrone,TRUE,ESTRONE,NA
296,Estropipate,TRUE,ESTROPIPATE,NA
297,Ethacrynic acid,TRUE,ETHACRYNIC ACID,NA
298,Ethambutol,TRUE,ETHAMBUTOL HYDROCHLORIDE,NA
299,Ethionamide,TRUE,ETHIONAMIDE,NA
300,Ethosuximide,TRUE,ETHOSUXIMIDE,NA
301,Ethotoin,TRUE,ETHOTOIN,NA
302,Ethynodiol,TRUE,ETHYNODIOL DIACETATE; MESTRANOL,NA
303,Etodolac,TRUE,ETODOLAC,NA
304,Etomidate,TRUE,ETOMIDATE,NA
305,Pepcid,TRUE,FAMOTIDINE,NA
306,Fenofibrate,TRUE,CHOLINE FENOFIBRATE,NA
307,Fenoprofen,TRUE,FENOPROFEN CALCIUM,NA
308,Finasteride,TRUE,FINASTERIDE,NA
309,Flavoxate,TRUE,FLAVOXATE HYDROCHLORIDE,NA
310,Flecainide,TRUE,FLECAINIDE ACETATE,NA
311,Flucytosine,TRUE,FLUCYTOSINE,NA
312,Flumethasone,TRUE,FLUMETHASONE PIVALATE,NA
313,Flunisolide,TRUE,FLUNISOLIDE,NA
314,Fluocinonide,TRUE,FLUOCINONIDE,NA
315,Fluorometholone,TRUE,FLUOROMETHOLONE,NA
316,Flurandrenolide,TRUE,FLURANDRENOLIDE; NEOMYCIN SULFATE,NA
317,Flurbiprofen,TRUE,FLURBIPROFEN SODIUM,NA
318,Fluticasone,TRUE,FLUTICASONE PROPIONATE; SALMETEROL XINAFOATE,NA
319,Fluvastatin,TRUE,FLUVASTATIN SODIUM,NA
320,Fluvoxamine,TRUE,FLUVOXAMINE MALEATE,NA
321,Folic acid,TRUE,FERROUS SULFATE; FOLIC ACID,NA
322,Furazolidone,TRUE,FURAZOLIDONE,NA
323,Furosemide,TRUE,FUROSEMIDE,NA
324,Gabapentin,TRUE,GABAPENTIN,NA
325,Gallamine triethiodide,TRUE,GALLAMINE TRIETHIODIDE,NA
326,Ganciclovir,TRUE,GANCICLOVIR,NA
327,Gemfibrozil,TRUE,GEMFIBROZIL,NA
328,Gentamicin,TRUE,GENTAMICIN SULFATE,NA
329,Glimepiride,TRUE,GLIMEPIRIDE,NA
330,Glipizide,TRUE,GLIPIZIDE,NA
331,Glycopyrrolate,TRUE,FORMOTEROL FUMARATE; GLYCOPYRROLATE,NA
332,Griseofulvin,TRUE,"GRISEOFULVIN, MICROCRYSTALLINE",NA
333,Guaifenesin,TRUE,GUAIFENESIN; HYDROCODONE BITARTRATE,NA
334,Guanabenz,TRUE,GUANABENZ ACETATE,NA
335,Guanethidine,TRUE,GUANETHIDINE MONOSULFATE; HYDROCHLOROTHIAZIDE,NA
336,Guanfacine,TRUE,GUANFACINE HYDROCHLORIDE,NA
337,Halcinonide,TRUE,HALCINONIDE,NA
338,Hexylcaine,TRUE,HEXYLCAINE HYDROCHLORIDE,NA
339,Hydralazine,TRUE,HYDRALAZINE HYDROCHLORIDE; HYDROCHLOROTHIAZIDE,NA
340,Hydrochlorothiazide,TRUE,HYDROCHLOROTHIAZIDE; PROPRANOLOL HYDROCHLORIDE,NA
341,Hydrocortisone,TRUE,HYDROCORTISONE ACETATE,NA
342,Hydroxyzine,TRUE,HYDROXYZINE PAMOATE,NA
343,Idoxuridine,TRUE,IDOXURIDINE,NA
344,Ifosfamide,TRUE,IFOSFAMIDE,NA
345,Imipramine,TRUE,IMIPRAMINE PAMOATE,NA
346,Indapamide,TRUE,INDAPAMIDE,NA
347,Iocetamic acid,TRUE,IOCETAMIC ACID,NA
348,Iodipamide,TRUE,IODIPAMIDE MEGLUMINE,NA
349,Iohexol,TRUE,IOHEXOL,NA
350,Iopamidol,TRUE,IOPAMIDOL,NA
351,Iopanoic acid,TRUE,IOPANOIC ACID,NA
352,Iopromide,TRUE,IOPROMIDE,NA
353,Ioversol,TRUE,IOVERSOL,NA
354,Ipratropium bromide,TRUE,IPRATROPIUM BROMIDE,NA
355,Isocarboxazid,TRUE,ISOCARBOXAZID,NA
356,Isoetharine,TRUE,ISOETHARINE MESYLATE,NA
357,Isoniazid,TRUE,ISONIAZID; RIFAMPIN,NA
358,Isopropamide Iodide,TRUE,ISOPROPAMIDE IODIDE,NA
359,Isosorbide,TRUE,ISOSORBIDE DINITRATE,NA
360,Isradipine,TRUE,ISRADIPINE,NA
361,Ivermectin,TRUE,IVERMECTIN,NA
362,Xolegel,TRUE,KETOCONAZOLE,NA
363,Ketoprofen,TRUE,KETOPROFEN,NA
364,Ketorolac,TRUE,KETOROLAC TROMETHAMINE,NA
365,Ketotifen,TRUE,KETOTIFEN FUMARATE,NA
366,Levodopa,TRUE,CARBIDOPA; LEVODOPA,NA
367,Labetalol,TRUE,LABETALOL HYDROCHLORIDE,NA
368,Lansoprazole,TRUE,LANSOPRAZOLE; NAPROXEN,NA
369,Letrozole,TRUE,LETROZOLE,NA
370,Leucovorin calcium,TRUE,LEUCOVORIN CALCIUM,NA
371,Guanadrel,TRUE,GUANADREL SULFATE,NA
372,Levobunolol,TRUE,LEVOBUNOLOL HYDROCHLORIDE,NA
373,Levocabastine,TRUE,LEVOCABASTINE HYDROCHLORIDE,NA
374,Levonordefrin,TRUE,LEVONORDEFRIN; MEPIVACAINE HYDROCHLORIDE,NA
375,Levopropoxyphene,TRUE,LEVOPROPOXYPHENE NAPSYLATE ANHYDROUS,NA
376,Levothyroxine sodium,TRUE,LEVOTHYROXINE SODIUM,NA
377,Lidocaine,TRUE,LIDOCAINE,NA
378,Lincomycin,TRUE,LINCOMYCIN HYDROCHLORIDE,NA
379,Liothyronine,TRUE,LIOTHYRONINE SODIUM,NA
380,Lisinopril,TRUE,LISINOPRIL,NA
381,Lomefloxacin,TRUE,LOMEFLOXACIN HYDROCHLORIDE,NA
382,Lomustine,TRUE,LOMUSTINE,NA
383,Loperamide,TRUE,LOPERAMIDE HYDROCHLORIDE,NA
384,Loracarbef,TRUE,LORACARBEF,NA
385,Lovastatin,TRUE,LOVASTATIN,NA
386,Loxapine,TRUE,LOXAPINE SUCCINATE,NA
387,Maprotiline,TRUE,MAPROTILINE HYDROCHLORIDE,NA
388,Mecamylamine,TRUE,MECAMYLAMINE HYDROCHLORIDE,NA
389,Meclizine,TRUE,MECLIZINE HYDROCHLORIDE,NA
390,Meclocycline,TRUE,DEMECLOCYCLINE HYDROCHLORIDE,NA
391,Medrysone,TRUE,MEDRYSONE,NA
392,Mefenamic acid,TRUE,MEFENAMIC ACID,NA
393,Megestrol,TRUE,MEGESTROL ACETATE,NA
394,Memantine,TRUE,MEMANTINE HYDROCHLORIDE,NA
395,Menadione,TRUE,MENADIONE,NA
396,Mepenzolate bromide,TRUE,MEPENZOLATE BROMIDE,NA
397,Mephentermine,TRUE,MEPHENTERMINE SULFATE,NA
398,Meropenem,TRUE,MEROPENEM,NA
399,Mesoridazine,TRUE,MESORIDAZINE BESYLATE,NA
400,Mestranol,TRUE,MESTRANOL; NORETHYNODREL,NA
401,Metaproterenol,TRUE,METAPROTERENOL SULFATE,NA
402,Metaraminol,TRUE,METARAMINOL BITARTRATE,NA
403,Methacholine chloride,TRUE,METHACHOLINE CHLORIDE,NA
404,Methacycline,TRUE,METHACYCLINE HYDROCHLORIDE,NA
405,Methantheline bromide,TRUE,METHANTHELINE BROMIDE,NA
406,Methazolamide,TRUE,METHAZOLAMIDE,NA
407,Methimazole,TRUE,METHIMAZOLE,NA
408,Methocarbamol,TRUE,METHOCARBAMOL,NA
409,Levomepromazine,TRUE,LEVOMEPROMAZINE,NA
410,Methoxamine,TRUE,METHOXAMINE HYDROCHLORIDE,NA
411,Methoxsalen,TRUE,METHOXSALEN,NA
412,Methyldopa,TRUE,METHYLDOPATE HYDROCHLORIDE,NA
413,Methylergonovine,TRUE,METHYLERGONOVINE MALEATE,NA
414,Methylprednisolone,TRUE,METHYLPREDNISOLONE ACETATE; NEOMYCIN SULFATE,NA
415,Metoclopramide,TRUE,METOCLOPRAMIDE HYDROCHLORIDE,NA
416,Metolazone,TRUE,METOLAZONE,NA
417,Metoprolol,TRUE,METOPROLOL SUCCINATE,NA
418,Metrizamide,TRUE,METRIZAMIDE,NA
419,Metronidazole,TRUE,METRONIDAZOLE,NA
420,Metyrapone,TRUE,METYRAPONE,NA
421,Mexiletine,TRUE,MEXILETINE HYDROCHLORIDE,NA
422,Midodrine,TRUE,MIDODRINE HYDROCHLORIDE,NA
423,Mifepristone,TRUE,MIFEPRISTONE,NA
424,Milrinone,TRUE,MILRINONE LACTATE,NA
425,Minocycline,TRUE,MINOCYCLINE HYDROCHLORIDE,NA
426,Mitoxantrone,TRUE,MITOXANTRONE HYDROCHLORIDE,NA
427,Molindone,TRUE,MOLINDONE HYDROCHLORIDE,NA
428,Mometasone,TRUE,MOMETASONE FUROATE,NA
429,Monobenzone,TRUE,MONOBENZONE,NA
430,Moricizine,TRUE,MORICIZINE HYDROCHLORIDE,NA
431,Mycophenolic acid,TRUE,MYCOPHENOLIC ACID,NA
432,Nabumetone,TRUE,NABUMETONE,NA
433,Nadolol,TRUE,NADOLOL,NA
434,Nafcillin,TRUE,NAFCILLIN SODIUM,NA
435,Naftifine,TRUE,NAFTIFINE HYDROCHLORIDE,NA
436,Nalbuphine,TRUE,NALBUPHINE HYDROCHLORIDE,NA
437,Nalidixic acid,TRUE,NALIDIXIC ACID,NA
438,Naloxone,TRUE,BUPRENORPHINE HYDROCHLORIDE; NALOXONE HYDROCHLORIDE,NA
439,Naltrexone,TRUE,MORPHINE SULFATE; NALTREXONE HYDROCHLORIDE,NA
440,Naphazoline,TRUE,NAPHAZOLINE HYDROCHLORIDE,NA
441,Naproxen,TRUE,LANSOPRAZOLE; NAPROXEN,NA
442,Natamycin,TRUE,NATAMYCIN,NA
443,Neomycin,TRUE,FLURANDRENOLIDE; NEOMYCIN SULFATE,NA
444,Netilmicin,TRUE,NETILMICIN SULFATE,NA
445,Nicardipine,TRUE,NICARDIPINE HYDROCHLORIDE,NA
446,Niclosamide,TRUE,NICLOSAMIDE,NA
447,Nilutamide,TRUE,NILUTAMIDE,NA
448,Nitrofurantoin,TRUE,"NITROFURANTOIN; NITROFURANTOIN, MACROCRYSTALLINE",NA
449,Nitrofurazone,TRUE,NITROFURAZONE,NA
450,Nizatidine,TRUE,NIZATIDINE,NA
451,Norethindrone,TRUE,ETHINYL ESTRADIOL; NORETHINDRONE ACETATE,NA
452,Norethynodrel,TRUE,MESTRANOL; NORETHYNODREL,NA
453,Norfloxacin,TRUE,NORFLOXACIN,NA
454,Levonorgestrel,TRUE,ESTRADIOL; LEVONORGESTREL,NA
455,Nortriptyline,TRUE,NORTRIPTYLINE HYDROCHLORIDE,NA
456,Nilstat,TRUE,NYSTATIN,NA
457,Ofloxacin,TRUE,CIPROFLOXACIN,"Even though mapped to a wrong drug in column D, Ofloxacin is FDA approved"
458,Omeprazole,TRUE,ESOMEPRAZOLE MAGNESIUM,"Even though mapped to a wrong drug in column D, Omeprazole is FDA approved"
459,Ondansetron,TRUE,ONDANSETRON,NA
460,Orlistat,TRUE,ORLISTAT,NA
461,Orphenadrine,TRUE,ORPHENADRINE CITRATE,NA
462,Oxamniquine,TRUE,OXAMNIQUINE,NA
463,Oxaprozin,TRUE,OXAPROZIN,NA
464,Oxprenolol,TRUE,OXPRENOLOL HYDROCHLORIDE,NA
465,Oxybenzone,TRUE,AVOBENZONE; OCTINOXATE; OXYBENZONE,NA
466,Oxybutynin,TRUE,OXYBUTYNIN,NA
467,Oxymetazoline,TRUE,OXYMETAZOLINE HYDROCHLORIDE,NA
468,Oxyphenbutazone,TRUE,OXYPHENBUTAZONE,NA
469,Oxytetracycline,TRUE,OXYTETRACYCLINE HYDROCHLORIDE,NA
470,Pancuronium bromide,TRUE,PANCURONIUM BROMIDE,NA
471,Pargyline,TRUE,PARGYLINE HYDROCHLORIDE,NA
472,Paromomycin,TRUE,PAROMOMYCIN SULFATE,NA
473,Paroxetine,TRUE,PAROXETINE MESYLATE,NA
474,Penbutolol,TRUE,PENBUTOLOL SULFATE,NA
475,Penicillin g,TRUE,PENICILLIN G POTASSIUM,NA
476,Pentoxifylline,TRUE,PENTOXIFYLLINE,NA
477,Pergolide,TRUE,PERGOLIDE MESYLATE,NA
478,Perphenazine,TRUE,PERPHENAZINE,NA
479,Phenazopyridine,TRUE,PHENAZOPYRIDINE HYDROCHLORIDE; SULFAMETHOXAZOLE,NA
480,Phenindione,TRUE,PHENINDIONE,NA
481,Pheniramine,TRUE,CHLORPHENIRAMINE MALEATE,NA
482,Phenoxybenzamine,TRUE,PHENOXYBENZAMINE HYDROCHLORIDE,NA
483,Phensuximide,TRUE,PHENSUXIMIDE,NA
484,Phentolamine,TRUE,PHENTOLAMINE MESYLATE,NA
485,Pilocarpine,TRUE,PILOCARPINE HYDROCHLORIDE,NA
486,Pimozide,TRUE,PIMOZIDE,NA
487,Pindolol,TRUE,PINDOLOL,NA
488,Pioglitazone,TRUE,METFORMIN HYDROCHLORIDE; PIOGLITAZONE HYDROCHLORIDE,NA
489,Piperacetazine,TRUE,PIPERACETAZINE,NA
490,Piperacillin,TRUE,PIPERACILLIN SODIUM,NA
491,Piroxicam,TRUE,PIROXICAM,NA
492,Podofilox,TRUE,PODOFILOX,NA
493,Pralidoxime,TRUE,PRALIDOXIME CHLORIDE,NA
494,Praziquantel,TRUE,PRAZIQUANTEL,NA
495,Prazosin,TRUE,PRAZOSIN HYDROCHLORIDE,NA
496,Prednisone,TRUE,PREDNISONE,NA
497,Prilocaine,TRUE,LIDOCAINE; PRILOCAINE,NA
498,Primaquine,TRUE,CHLOROQUINE PHOSPHATE; PRIMAQUINE PHOSPHATE,NA
499,Primidone,TRUE,PRIMIDONE,NA
500,Probenecid,TRUE,AMPICILLIN/AMPICILLIN TRIHYDRATE; PROBENECID,NA
501,Procainamide,TRUE,PROCAINAMIDE HYDROCHLORIDE,NA
502,Procaine,TRUE,PROCAINE HYDROCHLORIDE; TETRACYCLINE HYDROCHLORIDE,NA
503,Procarbazine,TRUE,PROCARBAZINE HYDROCHLORIDE,NA
504,Procyclidine,TRUE,PROCYCLIDINE HYDROCHLORIDE,NA
505,Progesterone,TRUE,ESTRADIOL; PROGESTERONE,NA
506,Promethazine,TRUE,MEPERIDINE HYDROCHLORIDE; PROMETHAZINE HYDROCHLORIDE,NA
507,Propafenone,TRUE,PROPAFENONE HYDROCHLORIDE,NA
508,Propantheline bromide,TRUE,PROPANTHELINE BROMIDE,NA
509,Proparacaine,TRUE,PROPARACAINE HYDROCHLORIDE,NA
510,Propofol,TRUE,PROPOFOL,NA
511,Propoxycaine,TRUE,NOREPINEPHRINE BITARTRATE; PROCAINE HYDROCHLORIDE; PROPOXYCAINE HYDROCHLORIDE,NA
512,Propranolol,TRUE,PROPRANOLOL HYDROCHLORIDE,NA
513,Propylthiouracil,TRUE,PROPYLTHIOURACIL,NA
514,Alprostadil,TRUE,ALPROSTADIL,NA
515,Protriptyline,TRUE,PROTRIPTYLINE HYDROCHLORIDE,NA
516,Pyrazinamide,TRUE,PYRAZINAMIDE,NA
517,Pyridoxine,TRUE,ASCORBIC ACID; BIOTIN; CYANOCOBALAMIN; DEXPANTHENOL; ERGOCALCIFEROL; FOLIC ACID; NIACINAMIDE; PHYTONADIONE; PYRIDOXINE HYDROCHLORIDE; RIBOFLAVIN 5'-PHOSPHATE SODIUM; THIAMINE HYDROCHLORIDE; VITAMIN A; VITAMIN E,NA
518,Pyrilamine,TRUE,PHENYLEPHRINE HYDROCHLORIDE; PYRILAMINE MALEATE,NA
519,Quinethazone,TRUE,QUINETHAZONE,NA
520,Quinidine,TRUE,QUINIDINE SULFATE,NA
521,Ramipril,TRUE,RAMIPRIL,NA
522,Ranitidine,TRUE,RANITIDINE HYDROCHLORIDE,NA
523,Repaglinide,TRUE,METFORMIN HYDROCHLORIDE; REPAGLINIDE,NA
524,Rescinnamine,TRUE,RESCINNAMINE,NA
525,Reserpine,TRUE,RESERPINE,NA
526,Ribavirin,TRUE,RIBAVIRIN,NA
527,Riboflavin,TRUE,ASCORBIC ACID; BIOTIN; CYANOCOBALAMIN; DEXPANTHENOL; ERGOCALCIFEROL; FOLIC ACID; NIACINAMIDE; PHYTONADIONE; PYRIDOXINE HYDROCHLORIDE; RIBOFLAVIN 5'-PHOSPHATE SODIUM; THIAMINE HYDROCHLORIDE; VITAMIN A; VITAMIN E,NA
528,Rifabutin,TRUE,AMOXICILLIN; OMEPRAZOLE MAGNESIUM; RIFABUTIN,NA
529,Riluzole,TRUE,RILUZOLE,NA
530,Rimexolone,TRUE,RIMEXOLONE,NA
531,Yutopar,TRUE,RITODRINE HYDROCHLORIDE,NA
532,Saquinavir,TRUE,SAQUINAVIR,NA
533,Selegiline,TRUE,SELEGILINE HYDROCHLORIDE,NA
534,Sotalol,TRUE,SOTALOL HYDROCHLORIDE,NA
535,Spectinomycin,TRUE,SPECTINOMYCIN HYDROCHLORIDE,NA
536,Spironolactone,TRUE,SPIRONOLACTONE,NA
537,Streptomycin,TRUE,STREPTOMYCIN SULFATE,NA
538,Streptozocin,TRUE,STREPTOZOCIN,NA
539,Sulconazole,TRUE,SULCONAZOLE NITRATE,NA
540,Sulfacetamide,TRUE,TRIPLE SULFA (SULFABENZAMIDE;SULFACETAMIDE;SULFATHIAZOLE),NA
541,Sulfadiazine,TRUE,SILVER SULFADIAZINE,NA
542,Sulfadoxine,TRUE,PYRIMETHAMINE; SULFADOXINE,NA
543,Sulfamerazine,TRUE,TRISULFAPYRIMIDINES (SULFADIAZINE;SULFAMERAZINE;SULFAMETHAZINE),NA
544,Sulfamethazine,TRUE,TRISULFAPYRIMIDINES (SULFADIAZINE;SULFAMERAZINE;SULFAMETHAZINE),NA
545,Sulfamethizole,TRUE,SULFAMETHIZOLE,NA
546,Sulfamethoxazole,TRUE,SULFAMETHOXAZOLE; TRIMETHOPRIM,NA
547,Sulfanilamide,TRUE,SULFANILAMIDE,NA
548,Sulfapyridine,TRUE,SULFAPYRIDINE,NA
549,Sulfathiazole,TRUE,TRIPLE SULFA (SULFABENZAMIDE;SULFACETAMIDE;SULFATHIAZOLE),NA
550,Sulfinpyrazone,TRUE,SULFINPYRAZONE,NA
551,Sulfisoxazole,TRUE,SULFISOXAZOLE ACETYL,NA
552,Suprofen,TRUE,SUPROFEN,NA
553,Tacrine,TRUE,TACRINE HYDROCHLORIDE,NA
554,Terazosin,TRUE,TERAZOSIN HYDROCHLORIDE,NA
555,Terbutaline,TRUE,TERBUTALINE SULFATE,NA
556,Terconazole,TRUE,TERCONAZOLE,NA
557,Testosterone,TRUE,TESTOSTERONE UNDECANOATE,NA
558,Tetracaine,TRUE,LIDOCAINE; TETRACAINE,NA
559,Tetracycline,TRUE,TETRACYCLINE HYDROCHLORIDE,NA
560,Tetrahydrozoline,TRUE,TETRAHYDROZOLINE HYDROCHLORIDE,NA
561,Thiabendazole,TRUE,THIABENDAZOLE,NA
562,Thiethylperazine,TRUE,THIETHYLPERAZINE MALATE,NA
563,Thonzonium bromide,TRUE,COLISTIN SULFATE; HYDROCORTISONE ACETATE; NEOMYCIN SULFATE; THONZONIUM BROMIDE,NA
564,Ticarcillin,TRUE,TICARCILLIN DISODIUM,NA
565,Ticlopidine,TRUE,TICLOPIDINE HYDROCHLORIDE,NA
566,Timolol,TRUE,TIMOLOL MALEATE,NA
567,Tinidazole,TRUE,TINIDAZOLE,NA
568,Tobramycin,TRUE,TOBRAMYCIN SULFATE,NA
569,Tolazamide,TRUE,TOLAZAMIDE,NA
570,Tolazoline,TRUE,TOLAZOLINE HYDROCHLORIDE,NA
571,Tolmetin,TRUE,TOLMETIN SODIUM,NA
572,Topiramate,TRUE,PHENTERMINE HYDROCHLORIDE; TOPIRAMATE,NA
573,Torsemide,TRUE,TORSEMIDE,NA
574,Tranexamic acid,TRUE,TRANEXAMIC ACID,NA
575,Parnate,TRUE,TRANYLCYPROMINE SULFATE,NA
576,Trazodone,TRUE,TRAZODONE HYDROCHLORIDE,NA
577,Triamcinolone,TRUE,TRIAMCINOLONE ACETONIDE,NA
578,Triamterene,TRUE,HYDROCHLOROTHIAZIDE; TRIAMTERENE,NA
579,Trichlormethiazide,TRUE,TRICHLORMETHIAZIDE,NA
580,Tridihexethyl,TRUE,TRIDIHEXETHYL CHLORIDE,NA
581,Triflupromazine,TRUE,TRIFLUPROMAZINE HYDROCHLORIDE,NA
582,Trifluridine,TRUE,TRIFLURIDINE,NA
583,Trimeprazine,TRUE,TRIMEPRAZINE TARTRATE,NA
584,Trimethadione,TRUE,TRIMETHADIONE,NA
585,Trimethobenzamide,TRUE,TRIMETHOBENZAMIDE HYDROCHLORIDE,NA
586,Trimethoprim,TRUE,SULFAMETHOXAZOLE; TRIMETHOPRIM,NA
587,Trimipramine,TRUE,TRIMIPRAMINE MALEATE,NA
588,Trioxsalen,TRUE,TRIOXSALEN,NA
589,Triprolidine,TRUE,PSEUDOEPHEDRINE HYDROCHLORIDE; TRIPROLIDINE HYDROCHLORIDE,NA
590,Troleandomycin,TRUE,TROLEANDOMYCIN,NA
591,Tropicamide,TRUE,TROPICAMIDE,NA
592,Vancomycin,TRUE,VANCOMYCIN HYDROCHLORIDE,NA
593,Vidarabine,TRUE,VIDARABINE,NA
594,Vigabatrin,TRUE,VIGABATRIN,NA
595,Cholecalciferol,TRUE,ASCORBIC ACID; BIOTIN; CHOLECALCIFEROL; CYANOCOBALAMIN; DEXPANTHENOL; FOLIC ACID; NIACINAMIDE; PYRIDOXINE; RIBOFLAVIN; THIAMINE; TOCOPHEROL ACETATE; VITAMIN A; VITAMIN K,NA
596,Ergocalciferol,TRUE,ERGOCALCIFEROL,NA
597,Zalcitabine,TRUE,ZALCITABINE,NA
598,Zidovudine,TRUE,ZIDOVUDINE,NA
599,Betazole,TRUE,BETAZOLE HYDROCHLORIDE,NA
600,Taractan,TRUE,CHLORPROTHIXENE,NA
601,Galantamine,TRUE,GALANTAMINE HYDROBROMIDE,NA
602,Meglumine,TRUE,TAFAMIDIS MEGLUMINE,NA
603,Miconazole,TRUE,MICONAZOLE NITRATE,NA
604,Sulfameter,TRUE,SULFAMETER,NA
605,Sulfaphenazole,TRUE,SULFAPHENAZOLE,NA
606,Tocainide,TRUE,TOCAINIDE HYDROCHLORIDE,NA
607,Decitabine,TRUE,DECITABINE,NA
608,Pinacidil,TRUE,PINACIDIL,NA
609,Dexpanthenol,TRUE,ASCORBIC ACID; BIOTIN; CYANOCOBALAMIN; DEXPANTHENOL; ERGOCALCIFEROL; FOLIC ACID; NIACINAMIDE; PHYTONADIONE; PYRIDOXINE HYDROCHLORIDE; RIBOFLAVIN 5'-PHOSPHATE SODIUM; THIAMINE HYDROCHLORIDE; VITAMIN A; VITAMIN E,NA
610,(-)-Mefloquine,TRUE,MEFLOQUINE HYDROCHLORIDE,NA
611,Mafenide,TRUE,MAFENIDE ACETATE,NA
612,Levamisole,TRUE,LEVAMISOLE HYDROCHLORIDE,NA
613,Pentolinium,TRUE,PENTOLINIUM TARTRATE,NA
614,Amodiaquine,TRUE,AMODIAQUINE HYDROCHLORIDE,NA
615,Brinzolamide,TRUE,BRINZOLAMIDE,NA
616,Kanamycin,TRUE,KANAMYCIN SULFATE,NA
617,Dinoprost,TRUE,DINOPROSTONE,NA
618,Ceforanide,TRUE,CEFORANIDE,NA
619,Iobenguane,TRUE,IOBENGUANE SULFATE I-131,NA
620,Imipenem,TRUE,CILASTATIN SODIUM; IMIPENEM,NA
621,Thiamine,TRUE,ASCORBIC ACID; BIOTIN; CYANOCOBALAMIN; DEXPANTHENOL; ERGOCALCIFEROL; FOLIC ACID; NIACINAMIDE; PHYTONADIONE; PYRIDOXINE HYDROCHLORIDE; RIBOFLAVIN 5'-PHOSPHATE SODIUM; THIAMINE HYDROCHLORIDE; VITAMIN A; VITAMIN E,NA
622,Promazine,TRUE,CHLORPROMAZINE HYDROCHLORIDE,"﻿Even though mapped to a wrong drug in column D, Promazine is FDA approved"
623,Trihexyphenidyl,TRUE,TRIHEXYPHENIDYL HYDROCHLORIDE,NA
624,Sulfabenzamide,TRUE,TRIPLE SULFA (SULFABENZAMIDE;SULFACETAMIDE;SULFATHIAZOLE),NA
625,Iodixanol,TRUE,IODIXANOL,NA
626,Isoproterenol,TRUE,ISOPROTERENOL HYDROCHLORIDE; PHENYLEPHRINE BITARTRATE,NA
627,tyloxapol,TRUE,CETYL ALCOHOL; COLFOSCERIL PALMITATE; TYLOXAPOL,NA
628,Proguanil,TRUE,ATOVAQUONE; PROGUANIL HYDROCHLORIDE,NA
629,Nifurtimox,TRUE,NIFURTIMOX,NA
630,Risperidone,TRUE,RISPERIDONE,NA
631,Halofantrine,TRUE,HALOFANTRINE HYDROCHLORIDE,NA
632,Articaine,TRUE,ARTICAINE HYDROCHLORIDE; EPINEPHRINE BITARTRATE,NA
633,Prednicarbate,TRUE,PREDNICARBATE,NA
634,Sertaconazole,TRUE,SERTACONAZOLE NITRATE,NA
635,Cycloserine,TRUE,CYCLOSERINE,NA
636,Verteporfin,TRUE,VERTEPORFIN,NA
637,Mephenytoin,TRUE,MEPHENYTOIN,NA
638,Dorzolamide,TRUE,DORZOLAMIDE HYDROCHLORIDE; TIMOLOL MALEATE,NA
639,Cefepime,TRUE,CEFEPIME HYDROCHLORIDE,NA
640,Sitagliptin,TRUE,METFORMIN HYDROCHLORIDE; SITAGLIPTIN PHOSPHATE,NA
641,Vincristine,TRUE,VINCRISTINE SULFATE,NA
642,Bendamustine,TRUE,BENDAMUSTINE HYDROCHLORIDE,NA
643,Nintedanib,TRUE,NINTEDANIB ESYLATE,NA
644,Regorafenib,TRUE,REGORAFENIB,NA
645,Lenvatinib,TRUE,LENVATINIB MESYLATE,NA
646,Sonidegib,TRUE,SONIDEGIB PHOSPHATE,NA
647,Ruxolitinib,TRUE,RUXOLITINIB PHOSPHATE,NA
648,Fingolimod,TRUE,FINGOLIMOD HYDROCHLORIDE,NA
649,Tigecycline,TRUE,TIGECYCLINE,NA
650,Vorapaxar,TRUE,VORAPAXAR SULFATE,NA
651,Clofarabine,TRUE,CLOFARABINE,NA
652,Idelalisib,TRUE,IDELALISIB,NA
653,Cabozantinib,TRUE,CABOZANTINIB S-MALATE,NA
654,Ibrutinib,TRUE,IBRUTINIB,NA
655,Venetoclax,TRUE,VENETOCLAX,NA
656,Alpelisib,TRUE,ALPELISIB,NA
657,Istradefylline,TRUE,ISTRADEFYLLINE,NA
658,Dabrafenib,TRUE,DABRAFENIB MESYLATE,NA
659,Alectinib,TRUE,ALECTINIB HYDROCHLORIDE,NA
660,Talazoparib,TRUE,TALAZOPARIB TOSYLATE,NA
661,Niraparib,TRUE,NIRAPARIB TOSYLATE,NA
662,Busulfan,TRUE,BUSULFAN,NA
663,Allopurinol,TRUE,ALLOPURINOL SODIUM,NA
664,Dactinomycin,TRUE,DACTINOMYCIN,NA
665,Thiotepa,TRUE,THIOTEPA,NA
666,Melphalan,TRUE,MELPHALAN HYDROCHLORIDE,NA
667,Aminolevulinic acid,TRUE,AMINOLEVULINIC ACID HYDROCHLORIDE,NA
668,Pipobroman,TRUE,PIPOBROMAN,NA
669,Floxuridine,TRUE,FLOXURIDINE,NA
670,Hydroxyurea,TRUE,HYDROXYUREA,NA
671,Uracil mustard,TRUE,URACIL MUSTARD,NA
672,Mitotane,TRUE,MITOTANE,NA
673,Trisenox,TRUE,ARSENIC TRIOXIDE,NA
674,Cladribine,TRUE,CLADRIBINE,NA
675,Dexrazoxane,TRUE,DEXRAZOXANE HYDROCHLORIDE,NA
676,Pentostatin,TRUE,PENTOSTATIN,NA
677,Valrubicin,TRUE,VALRUBICIN,NA
678,Amifostine,TRUE,AMIFOSTINE,NA
679,Imiquimod,TRUE,IMIQUIMOD,NA
680,Estramustine phosphate,TRUE,ESTRAMUSTINE PHOSPHATE SODIUM,NA
681,Eribulin,TRUE,ERIBULIN MESYLATE,NA
682,Capecitabine,TRUE,CAPECITABINE,NA
683,Anastrozole,TRUE,ANASTROZOLE,NA
684,Romidepsin,TRUE,ROMIDEPSIN,NA
685,Pralatrexate,TRUE,PRALATREXATE,NA
686,Cabazitaxel,TRUE,CABAZITAXEL,NA
687,Hydroxychloroquine sulfate,TRUE,HYDROXYCHLOROQUINE SULFATE,NA
688,Nelfinavir,TRUE,NELFINAVIR MESYLATE,NA
689,Ritonavir,TRUE,LOPINAVIR; RITONAVIR,NA
690,Atorvastatin,TRUE,AMLODIPINE BESYLATE; ATORVASTATIN CALCIUM,NA
691,Carfilzomib,TRUE,CARFILZOMIB,NA
692,Efavirenz,TRUE,EFAVIRENZ,NA
693,Dapagliflozin,TRUE,DAPAGLIFLOZIN; METFORMIN HYDROCHLORIDE; SAXAGLIPTIN HYDROCHLORIDE,NA
694,Omacetaxine mepesuccinate,TRUE,OMACETAXINE MEPESUCCINATE,NA
695,Osimertinib,TRUE,OSIMERTINIB MESYLATE,NA
696,Ribociclib,TRUE,RIBOCICLIB SUCCINATE,NA
697,Pitolisant,TRUE,PITOLISANT HYDROCHLORIDE,NA
698,Capmatinib,TRUE,CAPMATINIB HYDROCHLORIDE,NA
699,Encorafenib,TRUE,ENCORAFENIB,NA
700,Binimetinib,TRUE,BINIMETINIB,NA
701,Abemaciclib,TRUE,ABEMACICLIB,NA
702,Acetophenazine,TRUE,ACETOPHENAZINE MALEATE,NA
703,Acetylcysteine,TRUE,ACETYLCYSTEINE,NA
704,Adapalene,TRUE,ADAPALENE,NA
705,Adefovir dipivoxil,TRUE,ADEFOVIR DIPIVOXIL,NA
706,Alogliptin,TRUE,ALOGLIPTIN BENZOATE; METFORMIN HYDROCHLORIDE,NA
707,Amisulpride,TRUE,AMISULPRIDE,NA
708,Ammonium-lactate,TRUE,AMMONIUM LACTATE,NA
709,Anagrelide,TRUE,ANAGRELIDE HYDROCHLORIDE,NA
710,Aripiprazole,TRUE,ARIPIPRAZOLE,NA
711,Artesunate,TRUE,ARTESUNATE,NA
712,Atenolol-(+/-),TRUE,ATENOLOL,NA
713,Avanafil,TRUE,AVANAFIL,NA
714,Azilsartan,TRUE,AZILSARTAN KAMEDOXOMIL,NA
715,Azithromycin,TRUE,AZITHROMYCIN,NA
716,Baricitinib,TRUE,BARICITINIB,NA
717,Beclomethasone dipropionate,TRUE,BECLOMETHASONE DIPROPIONATE,NA
718,Betamethasone dipropionate,TRUE,BETAMETHASONE DIPROPIONATE; CALCIPOTRIENE,NA
719,Bosentan,TRUE,BOSENTAN,NA
720,Brigatinib,TRUE,BRIGATINIB,NA
721,Brivaracetam,TRUE,BRIVARACETAM,NA
722,Calcitriol,TRUE,CALCITRIOL,NA
723,Candesartan,TRUE,CANDESARTAN CILEXETIL,NA
724,Carboplatin,TRUE,CARBOPLATIN,NA
725,Carvedilol,TRUE,CARVEDILOL PHOSPHATE,NA
726,Cefdinir,TRUE,CEFDINIR,NA
727,Cefpiramide,TRUE,CEFPIRAMIDE SODIUM,NA
728,Chloroxine,TRUE,CHLOROXINE,NA
729,Ciclesonide,TRUE,CICLESONIDE,NA
730,Cidofovir,TRUE,CIDOFOVIR,NA
731,Cinacalcet,TRUE,CINACALCET HYDROCHLORIDE,NA
732,Clindamycin phosphate,TRUE,CLINDAMYCIN PHOSPHATE,NA
733,Clobetasol propionate,TRUE,CLOBETASOL PROPIONATE,NA
734,Clocortolone pivalate,TRUE,CLOCORTOLONE PIVALATE,NA
735,Clonazepam,TRUE,CLONAZEPAM,NA
736,Cobicistat,TRUE,ATAZANAVIR SULFATE; COBICISTAT,NA
737,Daclatasvir,TRUE,DACLATASVIR DIHYDROCHLORIDE,NA
738,Darifenacin,TRUE,DARIFENACIN HYDROBROMIDE,NA
739,Deferasirox,TRUE,DEFERASIROX,NA
740,Deflazacort,TRUE,DEFLAZACORT,NA
741,Demecarium,TRUE,DEMECARIUM BROMIDE,NA
742,Desonide,TRUE,BUDESONIDE,"﻿Even though mapped to a wrong drug in column D, Desonide is FDA approved"
743,Dexamethasone acetate,TRUE,DEXAMETHASONE ACETATE,NA
744,Dienogest,TRUE,DIENOGEST; ESTRADIOL VALERATE,NA
745,Difluprednate,TRUE,DIFLUPREDNATE,NA
746,Digitoxin,TRUE,DIGITOXIN,NA
747,Diphemanil,TRUE,DIPHEMANIL METHYLSULFATE,NA
748,Dofetilide,TRUE,DOFETILIDE,NA
749,Dolutegravir,TRUE,DOLUTEGRAVIR SODIUM,NA
750,Doxercalciferol,TRUE,DOXERCALCIFEROL,NA
751,Dronedarone,TRUE,DRONEDARONE HYDROCHLORIDE,NA
752,Drospirenone,TRUE,DROSPIRENONE; ESTRADIOL,NA
753,Eltrombopag,TRUE,ELTROMBOPAG OLAMINE,NA
754,Epinastine,TRUE,EPINASTINE HYDROCHLORIDE,NA
755,Epinephrine,TRUE,EPINEPHRINE BITARTRATE,NA
756,Eplerenone,TRUE,EPLERENONE,NA
757,Eprosartan,TRUE,EPROSARTAN MESYLATE,NA
758,Eptifibatide,TRUE,EPTIFIBATIDE,NA
759,Erdafitinib,TRUE,ERDAFITINIB,NA
760,Estradiol cypionate,TRUE,ESTRADIOL CYPIONATE,NA
761,Ethinyl estradiol,TRUE,ETHINYL ESTRADIOL; NORETHINDRONE ACETATE,NA
762,Famciclovir,TRUE,FAMCICLOVIR,NA
763,famotidine,TRUE,FAMOTIDINE,NA
764,Felbamate,TRUE,FELBAMATE,NA
765,Fexinidazole,TRUE,FEXINIDAZOLE,NA
766,Finafloxacin,TRUE,FINAFLOXACIN,NA
767,Fludarabine phosphate,TRUE,FLUDARABINE PHOSPHATE,NA
768,Flumethasone pivalate,TRUE,FLUMETHASONE PIVALATE,NA
769,Fluocinolone acetonide,TRUE,FLUOCINOLONE ACETONIDE,NA
770,Fluticasone propionate,TRUE,FLUTICASONE PROPIONATE; SALMETEROL XINAFOATE,NA
771,Foscarnet,TRUE,FOSCARNET SODIUM,NA
772,Gilteritinib,TRUE,GILTERITINIB FUMARATE,NA
773,Guanidine,TRUE,GUANIDINE HYDROCHLORIDE,NA
774,Halobetasol propionate,TRUE,HALOBETASOL PROPIONATE,NA
775,Hexachlorophene,TRUE,HEXACHLOROPHENE,NA
776,Hexaminolevulinate,TRUE,HEXAMINOLEVULINATE HYDROCHLORIDE,NA
777,Ibutilide,TRUE,IBUTILIDE FUMARATE,NA
778,Ingenol mebutate,TRUE,INGENOL MEBUTATE,NA
779,Ixazomib-citrate,TRUE,IXAZOMIB CITRATE,NA
780,Lactitol,TRUE,LACTITOL,NA
781,Latanoprost,TRUE,LATANOPROST,NA
782,Leucovorin,TRUE,LEUCOVORIN CALCIUM,NA
783,Levocarnitine,TRUE,LEVOCARNITINE,NA
784,Levocetirizine,TRUE,LEVOCETIRIZINE DIHYDROCHLORIDE,NA
785,Lomitapide,TRUE,LOMITAPIDE MESYLATE,NA
786,Lonafarnib,TRUE,LONAFARNIB,NA
787,Lorazepam,TRUE,LORAZEPAM,NA
788,Lorlatinib,TRUE,LORLATINIB,NA
789,Lurasidone,TRUE,LURASIDONE HYDROCHLORIDE,NA
790,Meloxicam,TRUE,MELOXICAM,NA
791,Mepivacaine,TRUE,MEPIVACAINE HYDROCHLORIDE,NA
792,Mesna,TRUE,IFOSFAMIDE; MESNA,"﻿Even though mapped to a wrong drug in column D, Mesna is FDA approved"
793,Methscopolamine,TRUE,METHSCOPOLAMINE BROMIDE,NA
794,Methylphenidate,TRUE,METHYLPHENIDATE HYDROCHLORIDE,NA
795,Mycophenolate mofetil,TRUE,MYCOPHENOLATE MOFETIL,NA
796,Nicotine,TRUE,NICOTINE,NA
797,Nitisinone,TRUE,NITISINONE,NA
798,Nonoxynol-9,TRUE,NONOXYNOL-9,NA
799,Norepinephrine,TRUE,NOREPINEPHRINE BITARTRATE,NA
800,L-Ornithine,TRUE,EFLORNITHINE HYDROCHLORIDE,"﻿Even though mapped to a wrong drug in column D, L-Ornithine is FDA approved"
801,Oseltamivir,TRUE,OSELTAMIVIR PHOSPHATE,NA
802,Oxazepam,TRUE,OXAZEPAM,NA
803,Oxcarbazepine,TRUE,OXCARBAZEPINE,NA
804,Oxyphencyclimine,TRUE,OXYPHENCYCLIMINE HYDROCHLORIDE,NA
805,Paliperidone,TRUE,PALIPERIDONE PALMITATE,NA
806,Paricalcitol,TRUE,PARICALCITOL,NA
807,Penicillamine,TRUE,PENICILLAMINE,NA
808,Pentagastrin,TRUE,PENTAGASTRIN,NA
809,Phenylbutazone,TRUE,PHENYLBUTAZONE,NA
810,Piperazine,TRUE,PIPERAZINE CITRATE,NA
811,Pitavastatin,TRUE,PITAVASTATIN CALCIUM,NA
812,Pomalidomide,TRUE,POMALIDOMIDE,NA
813,Posaconazole,TRUE,POSACONAZOLE,NA
814,Prednisolone-tebutate,TRUE,PREDNISOLONE TEBUTATE,NA
815,Protirelin,TRUE,PROTIRELIN,NA
816,Pyrithione Zinc,TRUE,PYRITHIONE ZINC,NA
817,Rabeprazole,TRUE,RABEPRAZOLE SODIUM,NA
818,Riociguat,TRUE,RIOCIGUAT,NA
819,Rutin,TRUE,ZANUBRUTINIB,"﻿Even though mapped to a wrong drug in column D, Rutin is FDA approved"
820,Saxagliptin,TRUE,METFORMIN HYDROCHLORIDE; SAXAGLIPTIN HYDROCHLORIDE,NA
821,Secnidazole,TRUE,SECNIDAZOLE,NA
822,Selinexor,TRUE,SELINEXOR,NA
823,Sevelamer,TRUE,SEVELAMER HYDROCHLORIDE,NA
824,Sevoflurane,TRUE,SEVOFLURANE,NA
825,Sparfloxacin,TRUE,SPARFLOXACIN,NA
826,Sufentanil,TRUE,SUFENTANIL CITRATE,NA
827,Tazemetostat,TRUE,TAZEMETOSTAT HYDROBROMIDE,NA
828,Tedizolid,TRUE,TEDIZOLID PHOSPHATE,NA
829,Temazepam,TRUE,TEMAZEPAM,NA
830,Teriflunomide,TRUE,TERIFLUNOMIDE,NA
831,Tezacaftor,TRUE,"IVACAFTOR; IVACAFTOR, TEZACAFTOR",NA
832,Thonzonium,TRUE,COLISTIN SULFATE; HYDROCORTISONE ACETATE; NEOMYCIN SULFATE; THONZONIUM BROMIDE,NA
833,Tiagabine,TRUE,TIAGABINE HYDROCHLORIDE,NA
834,Tipiracil,TRUE,TIPIRACIL HYDROCHLORIDE; TRIFLURIDINE,NA
835,Tipranavir,TRUE,TIPRANAVIR,NA
836,Toremifene,TRUE,TOREMIFENE CITRATE,NA
837,Triamcinolone acetonide,TRUE,TRIAMCINOLONE ACETONIDE,NA
838,Triclabendazole,TRUE,TRICLABENDAZOLE,NA
839,Trovafloxacin,TRUE,AZITHROMYCIN DIHYDRATE; TROVAFLOXACIN MESYLATE,NA
840,Tucatinib,TRUE,TUCATINIB,NA
841,Ulipristal,TRUE,ULIPRISTAL ACETATE,NA
842,Uracil,TRUE,URACIL MUSTARD,NA
843,Uridine,TRUE,URIDINE TRIACETATE,NA
844,Vinblastine,TRUE,VINBLASTINE SULFATE,NA
845,Warfarin,TRUE,WARFARIN SODIUM,NA
846,Zaleplon,TRUE,ZALEPLON,NA
847,Ziprasidone,TRUE,ZIPRASIDONE HYDROCHLORIDE,NA
848,Zolmitriptan,TRUE,ZOLMITRIPTAN,NA
849,Acalabrutinib,TRUE,ACALABRUTINIB,NA
850,Achromycin,TRUE,TETRACYCLINE HYDROCHLORIDE,NA
851,Acrisorcin,TRUE,ACRISORCIN,NA
852,Amiodarone hydrochloride,TRUE,AMIODARONE HYDROCHLORIDE,NA
853,Amlodipine,TRUE,AMLODIPINE BESYLATE; BENAZEPRIL HYDROCHLORIDE,NA
854,Apalutamide,TRUE,APALUTAMIDE,NA
855,Arsenic trioxide,TRUE,ARSENIC TRIOXIDE,NA
856,Artemether,TRUE,ARTEMETHER; LUMEFANTRINE,NA
857,Auranofin,TRUE,AURANOFIN,NA
858,Avapritinib,TRUE,AVAPRITINIB,NA
859,Azelastine hydrochloride,TRUE,AZELASTINE HYDROCHLORIDE,NA
860,Balsalazide Disodium,TRUE,BALSALAZIDE DISODIUM,NA
861,Benztropine mesylate,TRUE,BENZTROPINE MESYLATE,NA
862,Bepridil hydrochloride,TRUE,BEPRIDIL HYDROCHLORIDE,NA
863,Bilopaque,TRUE,TYROPANOATE SODIUM,NA
864,Bromocriptine mesylate,TRUE,BROMOCRIPTINE MESYLATE,NA
865,Bupropion hydrochloride,TRUE,BUPROPION HYDROCHLORIDE,NA
866,CANDICIDIN,TRUE,CANDICIDIN,NA
867,Cedilanid,TRUE,DESLANOSIDE,NA
868,Celestone Soluspan,TRUE,BETAMETHASONE ACETATE; BETAMETHASONE SODIUM PHOSPHATE,NA
869,Ceritinib,TRUE,CERITINIB,NA
870,Cerivastatin,TRUE,CERIVASTATIN SODIUM,NA
871,Cerubidin,TRUE,DAUNORUBICIN HYDROCHLORIDE,NA
872,Chloroquine sulfate,TRUE,HYDROXYCHLOROQUINE SULFATE,"﻿Even though mapped to a wrong drug in column D, Chloroquine sulfate is FDA approved"
873,Ciprofloxacin hydrochloride,TRUE,CIPROFLOXACIN HYDROCHLORIDE,NA
874,Clemastine fumarate,TRUE,CLEMASTINE FUMARATE,NA
875,Clomipramine hydrochloride,TRUE,CLOMIPRAMINE HYDROCHLORIDE,NA
876,Copanlisib,TRUE,COPANLISIB DIHYDROCHLORIDE,NA
877,Cupric chloride,TRUE,CUPRIC CHLORIDE,NA
878,Cyclobenzaprine hydrochloride,TRUE,CYCLOBENZAPRINE HYDROCHLORIDE,NA
879,Darolutamide,TRUE,DAROLUTAMIDE,NA
880,Deoxycholic acid,TRUE,DEOXYCHOLIC ACID,NA
881,Dexamethasone Sodium Phosphate,TRUE,DEXAMETHASONE SODIUM PHOSPHATE,NA
882,Didanosine,TRUE,DIDANOSINE,NA
883,Dinoprost tromethamine,TRUE,DINOPROST TROMETHAMINE,NA
884,Diphenhydramine hydrochloride,TRUE,DIPHENHYDRAMINE HYDROCHLORIDE; IBUPROFEN,NA
885,Duvelisib,TRUE,DUVELISIB,NA
886,Elvitegravir,TRUE,COBICISTAT; ELVITEGRAVIR; EMTRICITABINE; TENOFOVIR ALAFENAMIDE FUMARATE,NA
887,Emtricitabine,TRUE,EMTRICITABINE,NA
888,Enasidenib,TRUE,ENASIDENIB MESYLATE,NA
889,Entrectinib,TRUE,ENTRECTINIB,NA
890,Ergotamin,TRUE,ERGOTAMINE TARTRATE,NA
891,Fenoldopam mesylate,TRUE,FENOLDOPAM MESYLATE,NA
892,Fludara,TRUE,FLUDARABINE PHOSPHATE,NA
893,Galantamin,TRUE,GALANTAMINE HYDROBROMIDE,NA
894,Gastrografin,TRUE,DIATRIZOATE MEGLUMINE; DIATRIZOATE SODIUM,NA
895,Gentian violet,TRUE,GENTIAN VIOLET,NA
896,Glasdegib,TRUE,GLASDEGIB MALEATE,NA
897,Gris-PEG,TRUE,"GRISEOFULVIN, ULTRAMICROSIZE",NA
898,Halaven,TRUE,ERIBULIN MESYLATE,NA
899,Hydrocortisone cypionate,TRUE,HYDROCORTISONE CYPIONATE,NA
900,Ibuprofen,TRUE,IBUPROFEN; PSEUDOEPHEDRINE HYDROCHLORIDE,NA
901,Infigratinib,TRUE,INFIGRATINIB PHOSPHATE,NA
902,Intal,TRUE,CROMOLYN SODIUM,NA
903,Isopaque,TRUE,CALCIUM; MEGLUMINE; METRIZOIC ACID,NA
904,Ivacaftor,TRUE,IVACAFTOR,NA
905,Ivosidenib,TRUE,IVOSIDENIB,NA
906,Larotrectinib,TRUE,LAROTRECTINIB SULFATE,NA
907,Levamisole hydrochloride,TRUE,LEVAMISOLE HYDROCHLORIDE,NA
908,Loratadine,TRUE,LORATADINE,NA
909,Lurbinectedin,TRUE,LURBINECTEDIN,NA
910,Meclocycline sulfosalicylate,TRUE,MECLOCYCLINE SULFOSALICYLATE,NA
911,Meclodium,TRUE,MECLOFENAMATE SODIUM,NA
912,Mefloquine Hydrochloride,TRUE,MEFLOQUINE HYDROCHLORIDE,NA
913,Megestrol acetate,TRUE,MEGESTROL ACETATE,NA
914,Methdilazine hydrochloride,TRUE,METHDILAZINE HYDROCHLORIDE,NA
915,Methenamine,TRUE,METHENAMINE HIPPURATE,NA
916,Methylene blue,TRUE,METHYLENE BLUE,NA
917,Metoclopramide hydrochloride,TRUE,METOCLOPRAMIDE HYDROCHLORIDE,NA
918,Miltefosine,TRUE,MILTEFOSINE,NA
919,Nandrolone phenpropionate,TRUE,NANDROLONE PHENPROPIONATE,NA
920,Nevirapine,TRUE,NEVIRAPINE,NA
921,Nisoldipine,TRUE,NISOLDIPINE,NA
922,Nortriptyline hydrochloride,TRUE,NORTRIPTYLINE HYDROCHLORIDE,NA
923,Octreotide (acetate),TRUE,OCTREOTIDE ACETATE,NA
924,Olmesartan,TRUE,AMLODIPINE BESYLATE; OLMESARTAN MEDOXOMIL,NA
925,Ondansetron hydrochloride,TRUE,ONDANSETRON HYDROCHLORIDE,NA
926,Oragrafin Sodium,TRUE,IPODATE SODIUM,NA
927,Oxiconazole nitrate,TRUE,OXICONAZOLE NITRATE,NA
928,Pamine,TRUE,DOPAMINE HYDROCHLORIDE,"﻿Even though mapped to a wrong drug in column D, Pamine is FDA approved"
929,Paroxetine hydrochloride,TRUE,PAROXETINE HYDROCHLORIDE,NA
930,Pemigatinib,TRUE,PEMIGATINIB,NA
931,Pexidartinib,TRUE,PEXIDARTINIB HYDROCHLORIDE,NA
932,Phenazopyridine hydrochloride,TRUE,PHENAZOPYRIDINE HYDROCHLORIDE; SULFAMETHOXAZOLE,NA
933,Phytonadione,TRUE,ASCORBIC ACID; BIOTIN; CYANOCOBALAMIN; DEXPANTHENOL; ERGOCALCIFEROL; FOLIC ACID; NIACINAMIDE; PHYTONADIONE; PYRIDOXINE HYDROCHLORIDE; RIBOFLAVIN 5'-PHOSPHATE SODIUM; THIAMINE HYDROCHLORIDE; VITAMIN A; VITAMIN E,NA
934,Pitavastatin Calcium,TRUE,PITAVASTATIN CALCIUM,NA
935,Plerixafor,TRUE,PLERIXAFOR,NA
936,Pralsetinib,TRUE,PRALSETINIB,NA
937,Pramipexole,TRUE,PRAMIPEXOLE DIHYDROCHLORIDE,NA
938,Pravachol,TRUE,PRAVASTATIN SODIUM,NA
939,Prochlorperazine edisylate,TRUE,PROCHLORPERAZINE EDISYLATE,NA
940,Promethazine hydrochloride,TRUE,MEPERIDINE HYDROCHLORIDE; PROMETHAZINE HYDROCHLORIDE,NA
941,Pseudoephedrine hydrochloride,TRUE,PSEUDOEPHEDRINE HYDROCHLORIDE; TRIPROLIDINE HYDROCHLORIDE,NA
942,Pyridostigmine bromide,TRUE,PYRIDOSTIGMINE BROMIDE,NA
943,Quinidine sulfate,TRUE,QUINIDINE SULFATE,NA
944,Remdesivir,TRUE,REMDESIVIR,NA
945,Rucaparib,TRUE,RUCAPARIB CAMSYLATE,NA
946,Salmeterol,TRUE,FLUTICASONE PROPIONATE; SALMETEROL XINAFOATE,NA
947,Selpercatinib,TRUE,SELPERCATINIB,NA
948,Sertraline,TRUE,SERTRALINE HYDROCHLORIDE,NA
949,Sertraline hydrochloride,TRUE,SERTRALINE HYDROCHLORIDE,NA
950,Sodium Picosulfate,TRUE,CITRIC ACID; MAGNESIUM OXIDE; SODIUM PICOSULFATE,NA
951,Stelazine,TRUE,TRIFLUOPERAZINE HYDROCHLORIDE,NA
952,Sulconazole nitrate,TRUE,SULCONAZOLE NITRATE,NA
953,Sulfacytine,TRUE,SULFACYTINE,NA
954,Telmisartan,TRUE,TELMISARTAN,NA
955,Tepotinib,TRUE,TEPOTINIB HYDROCHLORIDE,NA
956,Testolactone,TRUE,TESTOLACTONE,NA
957,Thioridazine hydrochloride,TRUE,THIORIDAZINE HYDROCHLORIDE,NA
958,Tindal,TRUE,ACETOPHENAZINE MALEATE,NA
959,Tioconazole,TRUE,TIOCONAZOLE,NA
960,Tofacitinib,TRUE,TOFACITINIB CITRATE,NA
961,Toremifene citrate,TRUE,TOREMIFENE CITRATE,NA
962,Torisel,TRUE,TEMSIROLIMUS,NA
963,Trabectedin,TRUE,TRABECTEDIN,NA
964,Triclosan,TRUE,SODIUM FLUORIDE; TRICLOSAN,NA
965,Triflupromazine hydrochloride,TRUE,TRIFLUPROMAZINE HYDROCHLORIDE,NA
966,Trilaciclib,TRUE,TRILACICLIB DIHYDROCHLORIDE,NA
967,Umbralisib,TRUE,UMBRALISIB TOSYLATE,NA
968,Uridine triacetate,TRUE,URIDINE TRIACETATE,NA
969,Vardenafil,TRUE,VARDENAFIL HYDROCHLORIDE,NA
970,Verapamil hydrochloride,TRUE,VERAPAMIL HYDROCHLORIDE,NA
971,Zanubrutinib,TRUE,ZANUBRUTINIB,NA
972,Zonisamide,TRUE,ZONISAMIDE,NA
973,invirase,TRUE,SAQUINAVIR MESYLATE,NA